{
  "usingComponents": {
    "van-search": "../../vantui/search/index",
    "van-tab": "../../vantui/tab/index",
    "van-checkbox": "../../vantui/checkbox/index",
    "van-checkbox-group": "../../vantui/checkbox-group/index",
    "van-tabs": "../../vantui/tabs/index",
    "van-icon": "../../vantui/icon/index",
    "van-popup": "../../vantui/popup/index",
    "van-dropdown-menu": "../../vantui/dropdown-menu/index",
    "van-dropdown-item": "../../vantui/dropdown-item/index"
  },
  "navigationStyle": "custom",
  "navigationBarBackgroundColor": "#60DC74",
  "navigationBarTextStyle": "black"
}