{
	"description": "项目配置文件",
	"packOptions": {
		"ignore": []
	},
	"setting": {
		"urlCheck": true,
		"es6": true,
		"postcss": true,
		"minified": true,
		"newFeature": true,
		"coverView": true,
		"autoAudits": false,
		"checkInvalidKey": true,
		"checkSiteMap": true,
		"uploadWithSourceMap": true,
		"babelSetting": {
			"ignore": [],
			"disablePlugins": [],
			"outputPath": ""
		}
	},
	"compileType": "miniprogram",
	"libVersion": "2.4.2",
	"appid": "wx86749814c2876676",
	"projectname": "ejj",
	"debugOptions": {
		"hidedInDevtools": []
	},
	"isGameTourist": false,
	"simulatorType": "wechat",
	"simulatorPluginLibVersion": {},
	"condition": {
		"search": {
			"current": -1,
			"list": []
		},
		"conversation": {
			"current": -1,
			"list": []
		},
		"plugin": {
			"current": -1,
			"list": []
		},
		"game": {
			"currentL": -1,
			"list": []
		},
		"gamePlugin": {
			"current": -1,
			"list": []
		},
		"miniprogram": {
			"current": -1,
			"list": [
				{
					"id": -1,
					"name": "pages/demo/demo",
					"pathName": "pages/demo/demo",
					"query": "",
					"scene": null
				},
				{
					"id": -1,
					"name": "pages/my/my",
					"pathName": "pages/my/my",
					"query": "",
					"scene": null
				},
				{
					"id": -1,
					"name": "pages/secondHandHouseList/secondHandHouseList",
					"pathName": "pages/secondHandHouseList/secondHandHouseList",
					"query": "",
					"scene": null
				},
				{
					"id": -1,
					"name": "pages/newHouseList/newHouseList",
					"pathName": "pages/newHouseList/newHouseList",
					"query": "",
					"scene": null
				},
				{
					"id": -1,
					"name": "pages/newHouse/newHouse",
					"pathName": "pages/newHouse/newHouse",
					"query": "",
					"scene": null
				},
				{
					"id": -1,
					"name": "pages/newHouse/newHouse",
					"pathName": "pages/newHouse/newHouse",
					"query": "",
					"scene": null
				},
				{
					"id": -1,
					"name": "pages/recharge/recharge",
					"pathName": "pages/recharge/recharge",
					"query": "",
					"scene": null
				},
				{
					"id": -1,
					"name": "pages/release/release",
					"pathName": "pages/release/release",
					"query": "",
					"scene": null
				},
				{
					"id": -1,
					"name": "pages/sellList/sellList",
					"pathName": "pages/sellList/sellList",
					"scene": null
				}
			]
		}
	}
}